{"stats":{"minecraft:used":{"minecraft:stone_sword":293,"minecraft:iron_sword":96,"minecraft:cooked_chicken":3,"minecraft:rotten_flesh":9,"minecraft:torch":4,"minecraft:carrot":12,"minecraft:furnace":7,"minecraft:goat_horn":1,"comforts:sleeping_bag_white":12,"minecraft:cooked_beef":8,"more_bows_and_arrows:iron_bow":16,"minecraft:cooked_mutton":11,"minecraft:baked_potato":1,"minecraft:stone_pickaxe":127,"minecraft:oak_planks":11,"create:crimsite":1,"minecraft:wooden_pickaxe":41,"minecraft:golden_apple":1,"farmersdelight:onion":2,"minecraft:crafting_table":5,"minecraft:crossbow":14,"minecraft:apple":8,"minecraft:oak_button":2,"minecraft:iron_pickaxe":138,"minecraft:stone_axe":37,"minecraft:cobblestone":14,"minecraft:cooked_porkchop":1,"minecraft:andesite":1},"minecraft:broken":{"minecraft:golden_helmet":1,"minecraft:golden_boots":1,"minecraft:stone_sword":1,"minecraft:golden_chestplate":1},"minecraft:custom":{"minecraft:mob_kills":108,"minecraft:interact_with_crafting_table":29,"minecraft:open_barrel":8,"minecraft:damage_dealt_resisted":0,"minecraft:leave_game":3,"minecraft:time_since_death":26372,"minecraft:climb_one_cm":2861,"minecraft:damage_resisted":0,"minecraft:sprint_one_cm":102025,"minecraft:walk_one_cm":817419,"minecraft:drop":40,"minecraft:play_time":169503,"minecraft:deaths":2,"minecraft:sneak_time":1058,"minecraft:walk_under_water_one_cm":4785,"minecraft:jump":727,"minecraft:walk_on_water_one_cm":10689,"minecraft:total_world_time":169503,"minecraft:interact_with_furnace":53,"minecraft:sleep_in_bed":12,"minecraft:time_since_rest":20442,"minecraft:damage_taken":3682,"minecraft:damage_absorbed":39,"minecraft:damage_dealt":9683,"minecraft:fly_one_cm":68626,"minecraft:open_chest":25,"minecraft:crouch_one_cm":3190,"minecraft:aviate_one_cm":2022410,"minecraft:fall_one_cm":19991},"minecraft:dropped":{"farmersdelight:tomato_seeds":6,"minecraft:spruce_sign":1,"minecraft:iron_ingot":2,"minecraft:iron_sword":1,"minecraft:wheat_seeds":1,"minecraft:cooked_beef":4,"minecraft:crafting_table":1,"minecraft:stick":1,"minecraft:rose_bush":1,"minecraft:snowball":4,"minecraft:fire_charge":1,"minecraft:iron_nugget":5,"alexsmobs:animal_dictionary":1,"farmersdelight:cabbage_seeds":4,"minecraft:rotten_flesh":25,"alexsmobs:ancient_dart":2,"ojs_rpg_origins:balmung":1,"originsoverhaulmod:zombie_soul":49,"minecraft:allium":7,"minecraft:spruce_trapdoor":1,"minecraft:andesite":1,"minecraft:oak_sapling":12,"minecraft:wooden_pickaxe":1,"epicfight:skillbook":1},"minecraft:picked_up":{"irons_spellbooks:scroll":3,"minecraft:crafting_table":5,"minecraft:allium":7,"minecraft:chicken":4,"minecraft:wooden_pickaxe":1,"originsoverhaulmod:zombie_soul":67,"minecraft:gold_block":2,"alexsmobs:ancient_dart":2,"minecraft:string":20,"minecraft:raw_copper":279,"comforts:sleeping_bag_white":12,"minecraft:beef":14,"minecraft:rose_bush":1,"minecraft:sugar_cane":19,"minecraft:chest":8,"minecraft:spruce_trapdoor":1,"minecraft:egg":2,"minecraft:furnace":4,"minecraft:stick":4,"minecraft:raw_iron":7,"minecraft:torch":2,"epicfight:skillbook":1,"farmersdelight:tomato_seeds":3,"minecraft:carrot":8,"minecraft:arrow":7,"minecraft:rotten_flesh":71,"farmersdelight:onion":4,"minecraft:blaze_rod":2,"minecraft:mutton":18,"minecraft:cobblestone":84,"minecraft:snowball":2,"minecraft:white_wool":9,"minecraft:enchanting_table":1,"minecraft:feather":4,"minecraft:andesite":2,"minecraft:leather":6,"minecraft:potato":1,"ojs_rpg_origins:balmung":1,"minecraft:oak_log":12,"minecraft:lapis_lazuli":18,"minecraft:cooked_mutton":1,"minecraft:apple":1,"minecraft:wheat_seeds":1,"minecraft:iron_ingot":7,"minecraft:iron_sword":1,"create:crimsite":1,"minecraft:golden_apple":1,"minecraft:gray_wool":1,"minecraft:spruce_sign":1,"alexsmobs:maggot":1,"minecraft:oak_sapling":12,"minecraft:coal":190},"minecraft:killed":{"minecraft:chicken":4,"minecraft:drowned":1,"minecraft:husk":6,"bwrtherain:spider_skull":1,"minecraft:sheep":11,"minecraft:pillager":1,"minecraft:zombie":68,"alexsmobs:fly":3,"minecraft:blaze":5,"minecraft:cow":6},"minecraft:mined":{"minecraft:blue_stained_glass_pane":7,"farmersdelight:wild_carrots":9,"minecraft:spruce_trapdoor":1,"biomesoplenty:bush":2,"minecraft:spruce_leaves":1,"comforts:sleeping_bag_white":1,"farmersdelight:wild_onions":4,"minecraft:furnace":4,"minecraft:iron_ore":7,"minecraft:fire":4,"minecraft:andesite":1,"minecraft:gold_block":2,"biomesoplenty:high_grass":9,"minecraft:stone":85,"minecraft:quartz_block":1,"minecraft:crafting_table":5,"minecraft:light_gray_terracotta":1,"minecraft:chest":8,"minecraft:rose_bush":1,"minecraft:spruce_wall_sign":2,"biomesoplenty:high_grass_plant":7,"minecraft:tall_grass":3,"minecraft:copper_ore":76,"biomesoplenty:sprout":2,"minecraft:lapis_ore":3,"minecraft:sugar_cane":8,"minecraft:grass":24,"biomesoplenty:clover":2,"minecraft:oak_log":12,"minecraft:coal_ore":122,"minecraft:cobweb":15,"create:crimsite":1,"minecraft:oak_leaves":22,"minecraft:fern":3},"minecraft:crafted":{"minecraft:oak_planks":28,"comforts:sleeping_bag_white":1,"minecraft:cooked_chicken":5,"minecraft:furnace":3,"minecraft:cooked_mutton":15,"minecraft:bow":1,"sophisticatedbackpacks:copper_backpack":1,"minecraft:stone_pickaxe":1,"minecraft:oak_button":2,"sophisticatedbackpacks:iron_backpack":1,"minecraft:cooked_beef":12,"minecraft:arrow":8,"sophisticatedbackpacks:backpack":1,"irons_spellbooks:copper_spell_book":1,"minecraft:cooked_porkchop":1,"minecraft:baked_potato":14,"minecraft:wooden_pickaxe":1,"minecraft:iron_sword":1,"minecraft:copper_ingot":10,"sophisticatedbackpacks:gold_backpack":1,"minecraft:stone_axe":1,"more_bows_and_arrows:iron_bow":1,"minecraft:air":0,"minecraft:white_wool":3,"minecraft:paper":6,"minecraft:stick":24,"minecraft:iron_ingot":3,"minecraft:iron_pickaxe":1,"minecraft:stone_sword":2,"minecraft:gold_ingot":18,"minecraft:torch":28},"minecraft:killed_by":{"minecraft:zombie":1}},"DataVersion":3465}