{"stats":{"minecraft:used":{"minecraft:cooked_mutton":5,"minecraft:stone_sword":293,"minecraft:stone_pickaxe":127,"minecraft:oak_planks":11,"create:crimsite":1,"minecraft:wooden_pickaxe":41,"minecraft:cooked_chicken":3,"minecraft:rotten_flesh":9,"minecraft:golden_apple":1,"farmersdelight:onion":2,"minecraft:crossbow":14,"minecraft:crafting_table":5,"minecraft:carrot":4,"minecraft:apple":5,"minecraft:oak_button":2,"minecraft:iron_pickaxe":136,"minecraft:stone_axe":37,"minecraft:cobblestone":4,"minecraft:goat_horn":1,"minecraft:furnace":5,"minecraft:cooked_porkchop":1,"minecraft:andesite":1,"comforts:sleeping_bag_white":10,"minecraft:cooked_beef":6},"minecraft:broken":{"minecraft:stone_sword":1},"minecraft:custom":{"minecraft:interact_with_furnace":31,"minecraft:mob_kills":84,"minecraft:interact_with_crafting_table":20,"minecraft:open_barrel":8,"minecraft:damage_dealt_resisted":0,"minecraft:leave_game":3,"minecraft:time_since_death":131322,"minecraft:sleep_in_bed":9,"minecraft:climb_one_cm":2861,"minecraft:damage_resisted":0,"minecraft:time_since_rest":21933,"minecraft:sprint_one_cm":92885,"minecraft:damage_absorbed":39,"minecraft:damage_taken":2140,"minecraft:walk_one_cm":586246,"minecraft:drop":38,"minecraft:damage_dealt":7173,"minecraft:fly_one_cm":64580,"minecraft:open_chest":23,"minecraft:play_time":131322,"minecraft:crouch_one_cm":1856,"minecraft:sneak_time":699,"minecraft:walk_under_water_one_cm":4785,"minecraft:aviate_one_cm":1339028,"minecraft:jump":680,"minecraft:walk_on_water_one_cm":10689,"minecraft:total_world_time":131322,"minecraft:fall_one_cm":18749},"minecraft:dropped":{"farmersdelight:tomato_seeds":6,"minecraft:iron_ingot":2,"minecraft:spruce_sign":1,"minecraft:wheat_seeds":1,"minecraft:cooked_beef":4,"minecraft:iron_nugget":5,"alexsmobs:animal_dictionary":1,"minecraft:crafting_table":1,"farmersdelight:cabbage_seeds":4,"minecraft:rotten_flesh":25,"alexsmobs:ancient_dart":2,"ojs_rpg_origins:balmung":1,"minecraft:stick":1,"originsoverhaulmod:zombie_soul":49,"minecraft:allium":7,"minecraft:spruce_trapdoor":1,"minecraft:andesite":1,"minecraft:rose_bush":1,"minecraft:oak_sapling":12,"minecraft:snowball":4,"minecraft:fire_charge":1,"minecraft:wooden_pickaxe":1},"minecraft:picked_up":{"minecraft:crafting_table":5,"minecraft:allium":7,"minecraft:feather":4,"minecraft:chicken":4,"minecraft:andesite":2,"minecraft:leather":6,"minecraft:wooden_pickaxe":1,"originsoverhaulmod:zombie_soul":50,"minecraft:gold_block":2,"ojs_rpg_origins:balmung":1,"minecraft:oak_log":12,"minecraft:lapis_lazuli":18,"minecraft:string":20,"minecraft:raw_copper":279,"alexsmobs:ancient_dart":2,"minecraft:cooked_mutton":1,"minecraft:apple":1,"minecraft:wheat_seeds":1,"comforts:sleeping_bag_white":10,"minecraft:iron_ingot":7,"minecraft:beef":14,"minecraft:rose_bush":1,"minecraft:sugar_cane":19,"minecraft:chest":8,"minecraft:spruce_trapdoor":1,"minecraft:furnace":4,"minecraft:egg":2,"minecraft:stick":4,"minecraft:raw_iron":7,"farmersdelight:tomato_seeds":3,"minecraft:carrot":8,"create:crimsite":1,"minecraft:rotten_flesh":51,"farmersdelight:onion":4,"minecraft:gray_wool":1,"minecraft:spruce_sign":1,"alexsmobs:maggot":1,"minecraft:oak_sapling":12,"minecraft:mutton":18,"minecraft:coal":190,"minecraft:snowball":2,"minecraft:white_wool":9,"minecraft:cobblestone":84},"minecraft:killed":{"minecraft:husk":6,"minecraft:sheep":11,"minecraft:pillager":1,"minecraft:zombie":51,"minecraft:chicken":4,"minecraft:drowned":1,"alexsmobs:fly":3,"minecraft:cow":6},"minecraft:mined":{"minecraft:blue_stained_glass_pane":7,"farmersdelight:wild_carrots":9,"minecraft:crafting_table":5,"minecraft:spruce_trapdoor":1,"biomesoplenty:bush":2,"minecraft:chest":8,"minecraft:rose_bush":1,"minecraft:spruce_wall_sign":2,"biomesoplenty:high_grass_plant":7,"minecraft:copper_ore":76,"minecraft:tall_grass":3,"minecraft:spruce_leaves":1,"biomesoplenty:sprout":2,"minecraft:lapis_ore":3,"minecraft:sugar_cane":8,"comforts:sleeping_bag_white":1,"farmersdelight:wild_onions":4,"minecraft:furnace":4,"minecraft:iron_ore":7,"minecraft:andesite":1,"minecraft:gold_block":2,"minecraft:grass":24,"biomesoplenty:clover":2,"minecraft:coal_ore":122,"minecraft:oak_log":12,"biomesoplenty:high_grass":9,"minecraft:cobweb":15,"minecraft:stone":85,"create:crimsite":1,"minecraft:oak_leaves":22,"minecraft:fern":3},"minecraft:crafted":{"minecraft:cooked_beef":12,"minecraft:oak_planks":28,"minecraft:arrow":8,"sophisticatedbackpacks:backpack":1,"irons_spellbooks:copper_spell_book":1,"minecraft:cooked_porkchop":1,"comforts:sleeping_bag_white":1,"minecraft:cooked_chicken":3,"minecraft:wooden_pickaxe":1,"minecraft:furnace":2,"minecraft:copper_ingot":10,"sophisticatedbackpacks:gold_backpack":1,"minecraft:stone_axe":1,"minecraft:air":0,"minecraft:cooked_mutton":9,"minecraft:white_wool":3,"sophisticatedbackpacks:copper_backpack":1,"minecraft:paper":6,"minecraft:stick":24,"minecraft:iron_ingot":3,"minecraft:iron_pickaxe":1,"minecraft:stone_pickaxe":1,"minecraft:stone_sword":2,"minecraft:gold_ingot":18,"minecraft:oak_button":2,"minecraft:torch":28,"sophisticatedbackpacks:iron_backpack":1}},"DataVersion":3465}