{"stats":{"minecraft:killed":{"minecraft:horse":2,"minecraft:chicken":6,"minecraft:drowned":4,"minecraft:husk":6,"bwrtherain:spider_skull":1,"minecraft:sheep":11,"minecraft:pillager":1,"minecraft:zombie":69,"alexsmobs:fly":3,"shifu_epic_fight_skill_recipe:martialbanditnatural":1,"minecraft:blaze":5,"minecraft:cow":6},"minecraft:mined":{"minecraft:blue_stained_glass_pane":7,"farmersdelight:wild_carrots":9,"minecraft:spruce_trapdoor":1,"biomesoplenty:bush":2,"minecraft:grass_block":1,"minecraft:decorated_pot":1,"minecraft:spruce_leaves":1,"comforts:sleeping_bag_white":1,"farmersdelight:wild_onions":4,"minecraft:furnace":6,"minecraft:iron_ore":7,"minecraft:fire":4,"minecraft:andesite":1,"minecraft:pumpkin":2,"minecraft:gold_block":2,"biomesoplenty:high_grass":9,"minecraft:iron_bars":3,"minecraft:stone":87,"minecraft:quartz_block":1,"minecraft:crafting_table":6,"minecraft:light_gray_terracotta":1,"minecraft:chest":10,"minecraft:rose_bush":1,"minecraft:spruce_wall_sign":2,"biomesoplenty:high_grass_plant":7,"minecraft:tall_grass":3,"minecraft:copper_ore":79,"biomesoplenty:sprout":2,"minecraft:lapis_ore":3,"minecraft:sugar_cane":8,"minecraft:grass":26,"biomesoplenty:clover":2,"minecraft:oak_log":12,"minecraft:coal_ore":128,"minecraft:cobweb":15,"create:crimsite":1,"minecraft:oak_leaves":22,"minecraft:fern":3},"minecraft:custom":{"minecraft:mob_kills":122,"minecraft:interact_with_crafting_table":34,"minecraft:open_barrel":13,"minecraft:damage_dealt_resisted":0,"minecraft:leave_game":3,"minecraft:time_since_death":11977,"minecraft:climb_one_cm":3570,"minecraft:damage_resisted":0,"minecraft:sprint_one_cm":111919,"minecraft:walk_one_cm":1041218,"minecraft:drop":42,"minecraft:talked_to_villager":4,"minecraft:play_time":235159,"minecraft:deaths":6,"minecraft:sneak_time":1972,"minecraft:walk_under_water_one_cm":44881,"minecraft:jump":1067,"minecraft:walk_on_water_one_cm":37537,"minecraft:total_world_time":235159,"minecraft:interact_with_furnace":64,"minecraft:sleep_in_bed":13,"minecraft:time_since_rest":12029,"minecraft:damage_taken":6745,"minecraft:damage_absorbed":39,"minecraft:damage_dealt":11295,"minecraft:fly_one_cm":92185,"minecraft:open_chest":31,"minecraft:crouch_one_cm":5791,"minecraft:aviate_one_cm":4572714,"minecraft:fall_one_cm":38190},"minecraft:killed_by":{"minecraft:zombie":2},"minecraft:used":{"minecraft:stone_sword":293,"minecraft:iron_sword":119,"minecraft:cooked_chicken":3,"minecraft:rotten_flesh":9,"minecraft:torch":6,"minecraft:carrot":12,"minecraft:goat_horn":1,"minecraft:furnace":7,"comforts:sleeping_bag_white":13,"minecraft:cooked_beef":8,"more_bows_and_arrows:iron_bow":36,"minecraft:cooked_mutton":11,"minecraft:baked_potato":10,"minecraft:stone_pickaxe":127,"minecraft:oak_planks":11,"create:crimsite":1,"minecraft:wooden_pickaxe":41,"minecraft:golden_apple":1,"farmersdelight:onion":2,"minecraft:crafting_table":5,"minecraft:crossbow":14,"minecraft:apple":8,"minecraft:oak_button":2,"minecraft:iron_pickaxe":154,"minecraft:stone_axe":41,"minecraft:diamond_sword":12,"minecraft:cobblestone":18,"minecraft:cooked_porkchop":1,"minecraft:andesite":1},"minecraft:picked_up":{"irons_spellbooks:scroll":3,"minecraft:crafting_table":6,"minecraft:allium":7,"minecraft:chicken":6,"minecraft:wooden_pickaxe":1,"originsoverhaulmod:zombie_soul":67,"minecraft:gold_block":2,"seadwellers:aquamarine":1,"minecraft:brick":4,"minecraft:string":43,"minecraft:raw_copper":292,"alexsmobs:ancient_dart":2,"comforts:sleeping_bag_white":13,"minecraft:beef":14,"minecraft:rose_bush":1,"minecraft:sugar_cane":19,"minecraft:chest":10,"minecraft:spruce_trapdoor":1,"minecraft:furnace":6,"minecraft:egg":2,"minecraft:stick":4,"minecraft:raw_iron":7,"minecraft:torch":2,"epicfight:skillbook":1,"farmersdelight:tomato_seeds":3,"minecraft:carrot":8,"minecraft:arrow":7,"minecraft:rotten_flesh":73,"farmersdelight:onion":4,"minecraft:blaze_rod":2,"minecraft:mutton":18,"minecraft:iron_bars":3,"minecraft:cobblestone":86,"minecraft:snowball":2,"alexsmobs:flying_fish":1,"minecraft:white_wool":9,"minecraft:nautilus_shell":1,"minecraft:enchanting_table":1,"minecraft:feather":6,"minecraft:andesite":2,"minecraft:leather":9,"minecraft:potato":1,"ojs_rpg_origins:balmung":1,"minecraft:oak_log":12,"minecraft:lapis_lazuli":18,"minecraft:dirt":1,"minecraft:cooked_mutton":1,"minecraft:apple":1,"minecraft:wheat_seeds":1,"minecraft:iron_ingot":7,"minecraft:iron_sword":1,"minecraft:pumpkin":2,"minecraft:ink_sac":3,"create:crimsite":1,"minecraft:golden_apple":1,"minecraft:gray_wool":1,"minecraft:spruce_sign":1,"minecraft:emerald":4,"alexsmobs:maggot":1,"minecraft:oak_sapling":12,"minecraft:coal":196},"minecraft:broken":{"minecraft:golden_helmet":1,"minecraft:golden_boots":1,"minecraft:stone_sword":1,"minecraft:golden_chestplate":1},"minecraft:dropped":{"farmersdelight:tomato_seeds":6,"minecraft:spruce_sign":1,"minecraft:iron_ingot":2,"minecraft:iron_sword":1,"minecraft:wheat_seeds":1,"minecraft:cooked_beef":4,"minecraft:crafting_table":1,"minecraft:leather":1,"minecraft:stick":1,"minecraft:rose_bush":1,"minecraft:snowball":4,"minecraft:fire_charge":1,"minecraft:string":16,"minecraft:iron_nugget":5,"alexsmobs:animal_dictionary":1,"farmersdelight:cabbage_seeds":4,"minecraft:rotten_flesh":25,"alexsmobs:ancient_dart":2,"ojs_rpg_origins:balmung":1,"originsoverhaulmod:zombie_soul":49,"minecraft:allium":7,"minecraft:spruce_trapdoor":1,"minecraft:andesite":1,"minecraft:oak_sapling":12,"minecraft:wooden_pickaxe":1,"epicfight:skillbook":1},"minecraft:crafted":{"minecraft:oak_planks":28,"comforts:sleeping_bag_white":1,"minecraft:cooked_chicken":5,"minecraft:furnace":3,"sophisticatedbackpacks:crafting_upgrade":1,"minecraft:cooked_mutton":15,"minecraft:bow":1,"sophisticatedbackpacks:copper_backpack":1,"minecraft:stone_pickaxe":1,"minecraft:oak_button":2,"sophisticatedbackpacks:iron_backpack":1,"minecraft:cooked_beef":12,"minecraft:arrow":8,"sophisticatedbackpacks:backpack":1,"irons_spellbooks:copper_spell_book":1,"minecraft:cooked_porkchop":1,"minecraft:baked_potato":14,"minecraft:wooden_pickaxe":1,"minecraft:iron_sword":1,"minecraft:copper_ingot":10,"sophisticatedbackpacks:gold_backpack":1,"minecraft:stone_axe":1,"sophisticatedbackpacks:upgrade_base":1,"more_bows_and_arrows:iron_bow":1,"minecraft:air":0,"minecraft:white_wool":3,"minecraft:paper":6,"minecraft:stick":24,"minecraft:iron_ingot":9,"minecraft:iron_pickaxe":1,"minecraft:stone_sword":2,"minecraft:gold_ingot":18,"minecraft:torch":28}},"DataVersion":3465}