{"stats":{"minecraft:used":{"minecraft:oak_trapdoor":1,"minecraft:stone_sword":216,"minecraft:cooked_salmon":24,"minecraft:cooked_chicken":2,"minecraft:rotten_flesh":12,"minecraft:iron_chestplate":1,"minecraft:torch":169,"minecraft:dirt":19,"minecraft:carrot":3,"minecraft:tuff":4,"minecraft:granite":14,"wom:agony":194,"minecraft:iron_axe":228,"minecraft:iron_helmet":4,"minecraft:iron_boots":2,"minecraft:furnace":7,"minecraft:minecart":2,"comforts:sleeping_bag_white":2,"minecraft:cooked_beef":14,"minecraft:cobbled_deepslate":55,"minecraft:brown_bed":20,"minecraft:iron_leggings":2,"minecraft:cooked_mutton":9,"epicfight:skillbook":6,"minecraft:diorite":4,"minecraft:stone_pickaxe":128,"minecraft:baked_potato":6,"minecraft:wooden_pickaxe":15,"minecraft:golden_apple":3,"farmersdelight:onion":16,"minecraft:crafting_table":13,"minecraft:cod":2,"epicfight:iron_tachi":250,"alexsmobs:flying_fish":1,"minecraft:oak_log":2,"minecraft:apple":9,"minecraft:bread":1,"minecraft:iron_pickaxe":483,"minecraft:stone_axe":155,"minecraft:cobblestone":81,"minecraft:andesite":4,"minecraft:andesite_stairs":1,"minecraft:bucket":1,"minecraft:experience_bottle":3},"minecraft:broken":{"minecraft:iron_boots":1,"minecraft:iron_leggings":1,"minecraft:stone_pickaxe":1,"minecraft:stone_axe":1,"minecraft:iron_pickaxe":1,"minecraft:iron_helmet":1,"epicfight:iron_tachi":1},"minecraft:dropped":{"minecraft:wheat_seeds":3,"minecraft:feather":2,"minecraft:spruce_stairs":2,"minecraft:oxeye_daisy":1,"biomesoplenty:flowering_oak_sapling":8,"minecraft:iron_door":1,"minecraft:sunflower":1,"minecraft:goat_horn":1,"minecraft:cobbled_deepslate":4,"minecraft:tuff":2,"minecraft:rotten_flesh":274,"minecraft:light_gray_wool":1,"originsoverhaulmod:zombie_soul":101,"minecraft:oak_sapling":37,"minecraft:wooden_pickaxe":1,"epicfight:skillbook":3},"minecraft:custom":{"minecraft:mob_kills":413,"minecraft:interact_with_crafting_table":34,"minecraft:open_barrel":44,"minecraft:damage_dealt_resisted":85,"minecraft:eat_cake_slice":4,"minecraft:leave_game":3,"minecraft:time_since_death":11794,"minecraft:climb_one_cm":15991,"minecraft:damage_resisted":0,"minecraft:sprint_one_cm":667419,"minecraft:walk_one_cm":593662,"minecraft:drop":54,"minecraft:damage_dealt_absorbed":290,"minecraft:play_time":243315,"minecraft:sneak_time":2794,"minecraft:deaths":4,"minecraft:walk_under_water_one_cm":10701,"minecraft:interact_with_lectern":1,"minecraft:jump":2502,"minecraft:walk_on_water_one_cm":69616,"minecraft:total_world_time":243315,"minecraft:interact_with_furnace":63,"minecraft:tune_noteblock":1,"minecraft:sleep_in_bed":17,"minecraft:time_since_rest":5,"minecraft:damage_taken":5887,"minecraft:damage_absorbed":51,"minecraft:minecart_one_cm":178407,"minecraft:damage_dealt":41624,"minecraft:swim_one_cm":36406,"minecraft:fly_one_cm":498169,"minecraft:open_chest":34,"minecraft:crouch_one_cm":3462,"minecraft:fall_one_cm":39417},"minecraft:picked_up":{"minecraft:fishing_rod":1,"minecraft:crafting_table":12,"minecraft:allium":1,"minecraft:chicken":3,"originsoverhaulmod:zombie_soul":241,"minecraft:brown_bed":20,"xtraarrows:bat_skin":1,"minecraft:brewing_stand":1,"minecraft:amethyst_block":1,"minecraft:polished_deepslate":8,"minecraft:oak_trapdoor":1,"minecraft:raw_copper":70,"minecraft:cobbled_deepslate":60,"comforts:sleeping_bag_white":1,"minecraft:beef":25,"minecraft:andesite_stairs":1,"minecraft:minecart":1,"minecraft:light_gray_wool":1,"minecraft:sugar_cane":2,"minecraft:furnace":7,"minecraft:stick":32,"minecraft:raw_iron":101,"minecraft:copper_ingot":2,"minecraft:torch":22,"minecraft:spruce_stairs":2,"sophisticatedbackpacks:backpack":3,"epicfight:skillbook":9,"minecraft:porkchop":11,"minecraft:diorite":6,"minecraft:carrot":3,"minecraft:redstone":39,"minecraft:goat_horn":1,"minecraft:rotten_flesh":388,"farmersdelight:onion":1,"minecraft:mutton":24,"minecraft:cobblestone":115,"alexsmobs:flying_fish":1,"minecraft:white_wool":15,"minecraft:oxeye_daisy":1,"minecraft:feather":2,"minecraft:cooked_beef":3,"minecraft:iron_door":1,"minecraft:glow_ink_sac":4,"minecraft:andesite":4,"minecraft:leather":8,"minecraft:potato":3,"minecraft:tuff":6,"minecraft:oak_log":174,"minecraft:lapis_lazuli":49,"minecraft:dirt":27,"minecraft:apple":9,"minecraft:wheat_seeds":3,"minecraft:raw_gold":14,"minecraft:iron_ingot":3,"minecraft:amethyst_shard":4,"minecraft:blast_furnace":1,"biomesoplenty:flowering_oak_sapling":17,"minecraft:slime_ball":11,"minecraft:granite":14,"minecraft:crossbow":1,"mekanism:fluorite_gem":10,"minecraft:emerald":1,"alexsmobs:maggot":1,"minecraft:baked_potato":6,"minecraft:oak_sapling":60,"minecraft:coal":511,"minecraft:sunflower":1},"minecraft:killed":{"minecraft:vindicator":6,"minecraft:slime":17,"minecraft:chicken":3,"alexsmobs:centipede_head":1,"minecraft:drowned":4,"minecraft:pig":5,"minecraft:zombie_villager":9,"minecraft:bat":2,"bwrtherain:spider_skull":5,"minecraft:sheep":16,"minecraft:pillager":17,"minecraft:zombie":312,"alexsmobs:fly":2,"cave_dweller:cave_dweller":1,"minecraft:cow":12},"minecraft:mined":{"minecraft:large_amethyst_bud":2,"minecraft:tuff":6,"minecraft:andesite_stairs":2,"minecraft:brewing_stand":1,"minecraft:granite":14,"minecraft:budding_amethyst":1,"minecraft:grass_block":5,"biomesoplenty:flowering_oak_leaves":6,"minecraft:spawner":5,"farmersdelight:wild_onions":2,"minecraft:oak_trapdoor":1,"minecraft:furnace":7,"minecraft:iron_ore":71,"minecraft:cobbled_deepslate":1,"minecraft:andesite":4,"minecraft:deepslate_lapis_ore":5,"minecraft:brown_bed":20,"minecraft:deepslate_iron_ore":30,"minecraft:small_amethyst_bud":1,"minecraft:stone":97,"minecraft:deepslate_redstone_ore":9,"biomesoplenty:glowworm_silk":1,"minecraft:medium_amethyst_bud":1,"biomesoplenty:wildflower":1,"minecraft:amethyst_cluster":1,"minecraft:crafting_table":12,"minecraft:torch":6,"minecraft:blast_furnace":1,"minecraft:rose_bush":1,"biomesoplenty:high_grass_plant":1,"minecraft:copper_ore":21,"minecraft:cobblestone":14,"minecraft:lapis_ore":2,"biomesoplenty:sprout":8,"minecraft:deepslate_gold_ore":14,"minecraft:sugar_cane":1,"minecraft:diorite":6,"minecraft:iron_door":1,"minecraft:wall_torch":11,"minecraft:amethyst_block":1,"minecraft:spruce_stairs":2,"minecraft:grass":15,"biomesoplenty:clover":2,"minecraft:oak_log":175,"minecraft:coal_ore":215,"minecraft:sunflower":1,"mekanism:deepslate_fluorite_ore":3,"minecraft:dirt":16,"minecraft:oak_leaves":11,"minecraft:deepslate":53},"minecraft:crafted":{"minecraft:oak_planks":20,"comforts:sleeping_bag_white":1,"minecraft:cooked_chicken":2,"minecraft:furnace":1,"minecraft:cooked_mutton":9,"minecraft:iron_boots":2,"minecraft:iron_axe":1,"minecraft:stone_pickaxe":1,"minecraft:dried_kelp_block":1,"minecraft:dark_oak_planks":12,"minecraft:minecart":1,"sophisticatedbackpacks:iron_backpack":1,"minecraft:cooked_beef":22,"minecraft:crafting_table":1,"minecraft:wooden_pickaxe":1,"minecraft:iron_helmet":2,"minecraft:iron_sword":1,"minecraft:cooked_salmon":26,"minecraft:bucket":1,"minecraft:stone_axe":1,"minecraft:air":0,"epicfight:iron_tachi":1,"minecraft:iron_chestplate":1,"minecraft:stick":40,"minecraft:iron_ingot":59,"minecraft:iron_pickaxe":2,"minecraft:iron_leggings":2,"minecraft:torch":144},"minecraft:killed_by":{"minecraft:zombie":2}},"DataVersion":3465}