{"stats":{"minecraft:killed_by":{"minecraft:zombie":2},"minecraft:dropped":{"minecraft:wheat_seeds":3,"minecraft:feather":2,"minecraft:granite":5,"minecraft:spruce_stairs":2,"minecraft:oxeye_daisy":1,"biomesoplenty:flowering_oak_sapling":8,"minecraft:iron_door":1,"minecraft:sunflower":1,"minecraft:polished_deepslate":8,"minecraft:moss_carpet":1,"minecraft:goat_horn":1,"minecraft:cobbled_deepslate":5,"minecraft:tuff":2,"minecraft:rotten_flesh":338,"minecraft:light_gray_wool":1,"originsoverhaulmod:zombie_soul":152,"minecraft:andesite":8,"minecraft:oak_sapling":37,"minecraft:wooden_pickaxe":1,"epicfight:skillbook":3},"minecraft:mined":{"minecraft:large_amethyst_bud":2,"minecraft:tuff":6,"minecraft:andesite_stairs":2,"minecraft:brewing_stand":1,"minecraft:granite":19,"minecraft:budding_amethyst":1,"minecraft:grass_block":230,"biomesoplenty:flowering_oak_leaves":6,"minecraft:spawner":5,"farmersdelight:wild_onions":2,"minecraft:oak_trapdoor":1,"minecraft:furnace":8,"minecraft:iron_ore":137,"minecraft:cobbled_deepslate":1,"minecraft:andesite":17,"minecraft:deepslate_lapis_ore":5,"minecraft:brown_bed":20,"minecraft:deepslate_iron_ore":30,"minecraft:small_amethyst_bud":1,"minecraft:purple_carpet":5,"minecraft:stone":163,"minecraft:deepslate_redstone_ore":9,"biomesoplenty:glowworm_silk":1,"minecraft:medium_amethyst_bud":1,"minecraft:amethyst_cluster":1,"biomesoplenty:wildflower":1,"minecraft:crafting_table":14,"minecraft:torch":7,"minecraft:blast_furnace":1,"minecraft:rose_bush":1,"biomesoplenty:high_grass_plant":1,"minecraft:copper_ore":74,"minecraft:tall_grass":7,"minecraft:cobblestone":20,"biomesoplenty:sprout":9,"minecraft:lapis_ore":2,"minecraft:deepslate_gold_ore":14,"minecraft:sugar_cane":1,"minecraft:diorite":7,"minecraft:iron_door":1,"minecraft:wall_torch":11,"minecraft:blue_bed":1,"minecraft:amethyst_block":1,"minecraft:spruce_stairs":2,"minecraft:grass":43,"biomesoplenty:clover":2,"minecraft:oak_log":190,"minecraft:coal_ore":250,"minecraft:sunflower":1,"minecraft:gravel":4,"mekanism:deepslate_fluorite_ore":3,"minecraft:dirt":46,"minecraft:oak_leaves":12,"minecraft:deepslate":53},"minecraft:broken":{"minecraft:iron_shovel":1,"minecraft:iron_boots":2,"minecraft:iron_leggings":1,"minecraft:stone_pickaxe":1,"minecraft:stone_axe":1,"minecraft:iron_pickaxe":3,"minecraft:iron_helmet":2,"epicfight:iron_tachi":1},"minecraft:picked_up":{"minecraft:fishing_rod":1,"minecraft:crafting_table":14,"minecraft:allium":1,"minecraft:chicken":3,"originsoverhaulmod:zombie_soul":311,"minecraft:brown_bed":20,"xtraarrows:bat_skin":1,"minecraft:brewing_stand":1,"minecraft:amethyst_block":1,"minecraft:polished_deepslate":8,"minecraft:oak_trapdoor":1,"minecraft:moss_carpet":2,"minecraft:raw_copper":263,"minecraft:cobbled_deepslate":60,"comforts:sleeping_bag_white":5,"minecraft:beef":25,"minecraft:andesite_stairs":1,"minecraft:light_gray_wool":1,"minecraft:minecart":1,"minecraft:sugar_cane":2,"minecraft:furnace":8,"minecraft:stick":32,"minecraft:raw_iron":167,"minecraft:copper_ingot":2,"minecraft:torch":23,"minecraft:spruce_stairs":2,"sophisticatedbackpacks:backpack":3,"epicfight:skillbook":10,"minecraft:porkchop":12,"minecraft:diorite":7,"minecraft:carrot":3,"minecraft:redstone":39,"minecraft:goat_horn":1,"minecraft:rotten_flesh":443,"farmersdelight:onion":1,"minecraft:mutton":29,"alexsmobs:flying_fish":1,"minecraft:white_wool":19,"minecraft:cobblestone":186,"minecraft:oxeye_daisy":1,"minecraft:feather":2,"minecraft:cooked_beef":3,"minecraft:iron_door":1,"minecraft:glow_ink_sac":4,"minecraft:andesite":12,"minecraft:leather":8,"minecraft:potato":3,"alexsmobs:bear_fur":2,"minecraft:tuff":6,"minecraft:oak_log":189,"minecraft:lapis_lazuli":49,"minecraft:dirt":259,"minecraft:blue_bed":1,"minecraft:apple":9,"minecraft:wheat_seeds":15,"minecraft:raw_gold":14,"minecraft:iron_ingot":3,"minecraft:gravel":4,"minecraft:amethyst_shard":4,"minecraft:blast_furnace":1,"biomesoplenty:flowering_oak_sapling":17,"minecraft:slime_ball":11,"minecraft:crossbow":1,"mekanism:fluorite_gem":10,"minecraft:granite":19,"minecraft:emerald":1,"alexsmobs:maggot":1,"minecraft:baked_potato":6,"minecraft:oak_sapling":61,"minecraft:coal":546,"minecraft:sunflower":1,"minecraft:ender_pearl":3},"minecraft:custom":{"minecraft:mob_kills":523,"minecraft:interact_with_crafting_table":42,"minecraft:open_barrel":45,"minecraft:damage_dealt_resisted":90,"minecraft:eat_cake_slice":4,"minecraft:leave_game":3,"minecraft:time_since_death":71511,"minecraft:damage_resisted":0,"minecraft:climb_one_cm":19531,"minecraft:sprint_one_cm":844048,"minecraft:walk_one_cm":748972,"minecraft:drop":65,"minecraft:damage_dealt_absorbed":297,"minecraft:play_time":303032,"minecraft:sneak_time":3861,"minecraft:deaths":4,"minecraft:walk_under_water_one_cm":11660,"minecraft:interact_with_lectern":1,"minecraft:jump":3302,"minecraft:interact_with_brewingstand":1,"minecraft:walk_on_water_one_cm":83337,"minecraft:total_world_time":303032,"minecraft:interact_with_furnace":73,"minecraft:tune_noteblock":1,"minecraft:sleep_in_bed":22,"minecraft:time_since_rest":3967,"minecraft:damage_taken":7225,"minecraft:damage_absorbed":51,"minecraft:minecart_one_cm":178407,"minecraft:damage_dealt":52924,"minecraft:swim_one_cm":41636,"minecraft:fly_one_cm":652095,"minecraft:open_chest":51,"minecraft:crouch_one_cm":4258,"minecraft:fall_one_cm":51177},"minecraft:used":{"minecraft:oak_trapdoor":1,"minecraft:stone_sword":388,"minecraft:iron_shovel":263,"minecraft:chest":1,"minecraft:cooked_salmon":24,"minecraft:cooked_chicken":2,"minecraft:rotten_flesh":12,"minecraft:iron_chestplate":1,"minecraft:torch":215,"minecraft:dirt":26,"minecraft:carrot":3,"minecraft:tuff":4,"minecraft:granite":14,"wom:agony":194,"minecraft:iron_axe":252,"minecraft:iron_helmet":4,"minecraft:iron_boots":2,"minecraft:furnace":9,"minecraft:cooked_cod":10,"minecraft:minecart":2,"comforts:sleeping_bag_white":5,"minecraft:cooked_beef":22,"minecraft:cobbled_deepslate":55,"minecraft:brown_bed":20,"minecraft:iron_leggings":2,"minecraft:cooked_mutton":9,"epicfight:skillbook":6,"minecraft:diorite":4,"minecraft:stone_pickaxe":128,"minecraft:baked_potato":6,"minecraft:wooden_pickaxe":15,"minecraft:blue_bed":1,"minecraft:golden_apple":3,"farmersdelight:onion":16,"minecraft:crafting_table":16,"minecraft:cod":2,"epicfight:iron_tachi":250,"alexsmobs:flying_fish":1,"minecraft:oak_log":2,"minecraft:apple":9,"minecraft:bread":1,"minecraft:iron_pickaxe":741,"minecraft:stone_axe":155,"minecraft:cobblestone":125,"minecraft:andesite":4,"minecraft:andesite_stairs":1,"minecraft:bucket":1,"minecraft:experience_bottle":3},"minecraft:killed":{"minecraft:vindicator":6,"minecraft:slime":17,"minecraft:chicken":3,"alexsmobs:centipede_head":1,"minecraft:drowned":4,"minecraft:pig":6,"alexsmobs:grizzly_bear":2,"minecraft:zombie_villager":11,"minecraft:bat":2,"bwrtherain:spider_skull":5,"minecraft:sheep":20,"minecraft:pillager":17,"minecraft:zombie":413,"alexsmobs:fly":2,"cave_dweller:cave_dweller":1,"minecraft:cow":12},"minecraft:crafted":{"minecraft:oak_planks":712,"comforts:sleeping_bag_white":1,"minecraft:cooked_chicken":2,"minecraft:furnace":1,"minecraft:cooked_mutton":9,"minecraft:iron_boots":2,"minecraft:iron_axe":1,"minecraft:stone_pickaxe":1,"minecraft:chest":1,"minecraft:dried_kelp_block":1,"minecraft:dark_oak_planks":12,"minecraft:oak_fence":384,"minecraft:minecart":1,"sophisticatedbackpacks:iron_backpack":1,"minecraft:cooked_beef":22,"minecraft:cooked_cod":24,"minecraft:crafting_table":1,"minecraft:iron_helmet":2,"minecraft:wooden_pickaxe":1,"minecraft:iron_sword":1,"minecraft:cooked_salmon":26,"sophisticatedbackpacks:gold_backpack":1,"minecraft:bucket":1,"minecraft:stone_axe":1,"minecraft:air":0,"epicfight:iron_tachi":1,"minecraft:iron_chestplate":1,"minecraft:stick":296,"minecraft:iron_ingot":59,"minecraft:iron_pickaxe":4,"minecraft:iron_shovel":1,"minecraft:iron_leggings":2,"minecraft:torch":188}},"DataVersion":3465}