{"stats":{"minecraft:killed":{"minecraft:vindicator":6,"minecraft:slime":17,"minecraft:chicken":3,"alexsmobs:centipede_head":1,"minecraft:drowned":4,"minecraft:pig":6,"alexsmobs:grizzly_bear":2,"minecraft:zombie_villager":11,"minecraft:bat":2,"bwrtherain:spider_skull":5,"minecraft:sheep":21,"minecraft:pillager":17,"minecraft:zombie":420,"alexsmobs:fly":2,"cave_dweller:cave_dweller":1,"shifu_epic_fight_skill_recipe:martialbanditnatural":3,"minecraft:cow":16},"minecraft:custom":{"minecraft:mob_kills":540,"minecraft:interact_with_crafting_table":50,"minecraft:open_barrel":45,"minecraft:damage_dealt_resisted":90,"minecraft:eat_cake_slice":4,"minecraft:leave_game":5,"minecraft:time_since_death":185456,"minecraft:damage_resisted":0,"minecraft:climb_one_cm":25352,"minecraft:sprint_one_cm":1016028,"minecraft:walk_one_cm":1030836,"minecraft:drop":85,"minecraft:damage_dealt_absorbed":297,"minecraft:talked_to_villager":1,"minecraft:play_time":416977,"minecraft:sneak_time":13799,"minecraft:deaths":4,"minecraft:walk_under_water_one_cm":14157,"minecraft:interact_with_lectern":1,"minecraft:interact_with_brewingstand":1,"minecraft:jump":3722,"minecraft:walk_on_water_one_cm":84751,"minecraft:total_world_time":416977,"minecraft:interact_with_furnace":76,"minecraft:tune_noteblock":1,"minecraft:interact_with_stonecutter":1,"minecraft:sleep_in_bed":25,"minecraft:time_since_rest":0,"minecraft:damage_taken":7429,"minecraft:damage_absorbed":51,"minecraft:minecart_one_cm":178407,"minecraft:damage_dealt":54313,"minecraft:swim_one_cm":41636,"minecraft:fly_one_cm":1110825,"minecraft:open_chest":76,"minecraft:crouch_one_cm":41724,"minecraft:fall_one_cm":56458},"minecraft:mined":{"minecraft:large_amethyst_bud":2,"minecraft:tuff":6,"minecraft:andesite_stairs":2,"minecraft:brewing_stand":1,"minecraft:granite":19,"minecraft:budding_amethyst":1,"minecraft:grass_block":701,"biomesoplenty:flowering_oak_leaves":6,"minecraft:spawner":5,"farmersdelight:wild_onions":2,"minecraft:oak_trapdoor":1,"minecraft:furnace":9,"minecraft:iron_ore":137,"minecraft:cobbled_deepslate":1,"minecraft:andesite":17,"minecraft:pumpkin":2,"minecraft:deepslate_lapis_ore":5,"minecraft:brown_bed":20,"minecraft:deepslate_iron_ore":30,"minecraft:small_amethyst_bud":1,"minecraft:purple_carpet":5,"minecraft:stone":163,"minecraft:deepslate_redstone_ore":9,"biomesoplenty:glowworm_silk":1,"minecraft:medium_amethyst_bud":1,"minecraft:amethyst_cluster":1,"biomesoplenty:wildflower":1,"minecraft:dandelion":2,"minecraft:oak_fence":6,"minecraft:crafting_table":15,"minecraft:torch":7,"minecraft:blast_furnace":1,"minecraft:rose_bush":1,"biomesoplenty:high_grass_plant":1,"minecraft:copper_ore":74,"minecraft:tall_grass":55,"minecraft:cobblestone":20,"biomesoplenty:sprout":9,"minecraft:deepslate_gold_ore":14,"minecraft:lapis_ore":2,"minecraft:sugar_cane":1,"minecraft:diorite":7,"minecraft:iron_door":1,"minecraft:blue_bed":2,"minecraft:wall_torch":11,"minecraft:amethyst_block":1,"minecraft:spruce_stairs":2,"minecraft:coarse_dirt":65,"minecraft:grass":138,"biomesoplenty:clover":2,"minecraft:oak_log":313,"minecraft:coal_ore":250,"minecraft:gravel":4,"minecraft:sunflower":1,"minecraft:dirt":253,"mekanism:deepslate_fluorite_ore":3,"minecraft:stonecutter":1,"minecraft:oak_leaves":12,"minecraft:deepslate":53},"minecraft:killed_by":{"minecraft:zombie":2},"minecraft:used":{"minecraft:oak_fence":515,"minecraft:oak_trapdoor":3,"create:framed_glass":224,"minecraft:stone_sword":388,"minecraft:iron_shovel":1007,"minecraft:ladder":32,"minecraft:chest":1,"minecraft:stone":23,"minecraft:cooked_salmon":24,"minecraft:cooked_chicken":2,"minecraft:rotten_flesh":12,"minecraft:iron_chestplate":1,"minecraft:torch":215,"minecraft:dirt":327,"minecraft:carrot":3,"minecraft:tuff":4,"minecraft:granite":14,"minecraft:oak_fence_gate":4,"wom:agony":194,"minecraft:lava_bucket":84,"minecraft:lantern":2,"minecraft:iron_axe":410,"minecraft:grass_block":4,"minecraft:iron_boots":2,"minecraft:iron_helmet":4,"minecraft:cherry_fence_gate":5,"minecraft:stone_brick_stairs":63,"minecraft:stone_bricks":242,"minecraft:cooked_cod":10,"minecraft:oak_sapling":23,"minecraft:furnace":10,"minecraft:minecart":2,"comforts:sleeping_bag_white":5,"minecraft:cherry_fence":69,"minecraft:cooked_beef":22,"minecraft:brown_bed":20,"minecraft:cobbled_deepslate":55,"minecraft:pumpkin":2,"minecraft:iron_leggings":2,"minecraft:cooked_mutton":9,"minecraft:water_bucket":8,"epicfight:skillbook":6,"minecraft:diorite":4,"minecraft:baked_potato":6,"minecraft:stone_pickaxe":128,"minecraft:oak_planks":40,"minecraft:wooden_pickaxe":15,"minecraft:cherry_planks":86,"minecraft:sugar_cane":14,"minecraft:blue_bed":2,"minecraft:stonecutter":2,"minecraft:golden_apple":3,"farmersdelight:onion":16,"minecraft:blast_furnace":1,"minecraft:crafting_table":17,"biomesoplenty:magic_planks":1,"minecraft:cod":2,"epicfight:iron_tachi":250,"alexsmobs:flying_fish":1,"minecraft:oak_log":2,"minecraft:apple":9,"minecraft:bread":1,"minecraft:iron_pickaxe":744,"minecraft:stone_axe":155,"minecraft:cobblestone":125,"minecraft:andesite":4,"minecraft:andesite_stairs":1,"minecraft:bucket":10,"minecraft:pink_stained_glass":24,"minecraft:kelp":2,"epicfight:uchigatana":17,"minecraft:smooth_stone":242,"minecraft:experience_bottle":3},"minecraft:picked_up":{"minecraft:fishing_rod":1,"minecraft:crafting_table":15,"minecraft:coarse_dirt":65,"minecraft:allium":1,"minecraft:azure_bluet":8,"minecraft:chicken":3,"originsoverhaulmod:zombie_soul":315,"minecraft:brown_bed":20,"xtraarrows:bat_skin":1,"minecraft:brewing_stand":1,"minecraft:amethyst_block":1,"minecraft:polished_deepslate":8,"minecraft:oak_trapdoor":1,"minecraft:moss_carpet":2,"minecraft:raw_copper":263,"minecraft:cobbled_deepslate":60,"comforts:sleeping_bag_white":5,"minecraft:beef":34,"minecraft:andesite_stairs":1,"minecraft:light_gray_wool":1,"minecraft:minecart":1,"minecraft:sugar_cane":2,"minecraft:furnace":9,"minecraft:egg":1,"minecraft:stick":69,"minecraft:raw_iron":167,"minecraft:copper_ingot":2,"minecraft:oak_fence":6,"minecraft:torch":23,"minecraft:spruce_stairs":2,"sophisticatedbackpacks:backpack":3,"epicfight:skillbook":10,"minecraft:porkchop":12,"minecraft:diorite":7,"minecraft:carrot":3,"minecraft:redstone":39,"minecraft:goat_horn":1,"minecraft:rotten_flesh":445,"farmersdelight:onion":1,"minecraft:mutton":31,"alexsmobs:flying_fish":1,"minecraft:white_wool":20,"minecraft:cobblestone":186,"minecraft:oxeye_daisy":2,"minecraft:feather":2,"minecraft:cooked_beef":3,"minecraft:iron_door":1,"minecraft:glow_ink_sac":4,"minecraft:andesite":12,"minecraft:leather":13,"minecraft:potato":3,"alexsmobs:bear_fur":2,"minecraft:tuff":6,"minecraft:oak_log":310,"minecraft:lapis_lazuli":49,"minecraft:dirt":922,"minecraft:blue_bed":2,"minecraft:apple":13,"minecraft:stonecutter":1,"minecraft:wheat_seeds":53,"minecraft:raw_gold":14,"minecraft:iron_ingot":3,"minecraft:pumpkin":2,"minecraft:dandelion":5,"minecraft:gravel":4,"minecraft:amethyst_shard":4,"minecraft:blast_furnace":1,"biomesoplenty:flowering_oak_sapling":17,"minecraft:slime_ball":11,"minecraft:crossbow":1,"mekanism:fluorite_gem":10,"minecraft:granite":19,"minecraft:emerald":1,"alexsmobs:maggot":1,"minecraft:baked_potato":6,"minecraft:oak_sapling":96,"minecraft:coal":561,"minecraft:sunflower":1,"minecraft:ender_pearl":3},"minecraft:broken":{"minecraft:iron_shovel":3,"minecraft:iron_boots":2,"minecraft:iron_leggings":1,"minecraft:stone_pickaxe":1,"minecraft:stone_axe":1,"minecraft:iron_pickaxe":3,"minecraft:iron_helmet":2,"epicfight:iron_tachi":1},"minecraft:dropped":{"minecraft:wheat_seeds":22,"biomesoplenty:magic_planks":1,"minecraft:feather":2,"minecraft:granite":5,"minecraft:spruce_stairs":2,"minecraft:oxeye_daisy":1,"minecraft:seagrass":1,"biomesoplenty:flowering_oak_sapling":8,"minecraft:iron_door":1,"minecraft:sunflower":1,"minecraft:smooth_stone":1,"minecraft:polished_deepslate":8,"minecraft:dandelion":2,"minecraft:moss_carpet":2,"minecraft:kelp":1,"minecraft:goat_horn":1,"minecraft:cobbled_deepslate":5,"minecraft:tuff":2,"minecraft:rotten_flesh":343,"minecraft:light_gray_wool":1,"minecraft:azure_bluet":6,"minecraft:warped_planks":1,"minecraft:flint_and_steel":1,"originsoverhaulmod:zombie_soul":171,"biomesoplenty:magic_stairs":1,"minecraft:andesite":8,"minecraft:oak_sapling":38,"minecraft:wooden_pickaxe":1,"create:framed_glass":1,"epicfight:skillbook":3},"minecraft:crafted":{"minecraft:oak_planks":748,"comforts:sleeping_bag_white":1,"minecraft:cooked_chicken":2,"minecraft:furnace":1,"epicfight:uchigatana":1,"minecraft:cooked_mutton":9,"minecraft:iron_boots":2,"minecraft:iron_axe":1,"minecraft:stone_pickaxe":1,"minecraft:chest":1,"minecraft:dried_kelp_block":1,"minecraft:dark_oak_planks":12,"minecraft:oak_fence":384,"minecraft:minecart":1,"sophisticatedbackpacks:iron_backpack":1,"minecraft:cooked_beef":22,"minecraft:cooked_cod":24,"minecraft:crafting_table":1,"minecraft:iron_helmet":2,"minecraft:wooden_pickaxe":1,"minecraft:iron_sword":2,"minecraft:cooked_salmon":26,"epicfight:iron_dagger":1,"sophisticatedbackpacks:gold_backpack":1,"minecraft:bucket":1,"minecraft:stone_axe":1,"minecraft:air":0,"epicfight:iron_tachi":2,"minecraft:oak_fence_gate":2,"minecraft:iron_chestplate":1,"minecraft:stick":304,"minecraft:iron_ingot":59,"minecraft:iron_pickaxe":4,"minecraft:iron_shovel":4,"minecraft:iron_leggings":2,"minecraft:torch":188}},"DataVersion":3465}