{"stats":{"minecraft:killed":{"minecraft:vindicator":1,"alexsmobs:seagull":2,"minecraft:horse":2,"alexsmobs:banana_slug":1,"minecraft:chicken":1,"minecraft:drowned":2,"alexsmobs:flying_fish":1,"minecraft:pig":5,"bwrtherain:spider_skull":4,"alexsmobs:emu":1,"minecraft:pillager":3,"minecraft:zombie":382,"alexsmobs:fly":3,"shifu_epic_fight_skill_recipe:martialbanditnatural":25,"minecraft:blaze":33,"minecraft:cow":12},"minecraft:custom":{"minecraft:mob_kills":484,"minecraft:interact_with_crafting_table":42,"minecraft:open_barrel":5,"minecraft:damage_dealt_resisted":957,"minecraft:leave_game":2,"minecraft:time_since_death":19173,"minecraft:climb_one_cm":43809,"minecraft:damage_resisted":0,"minecraft:sprint_one_cm":552197,"minecraft:walk_one_cm":2150300,"minecraft:drop":181,"minecraft:damage_dealt_absorbed":400,"minecraft:play_time":318807,"minecraft:sneak_time":2540,"minecraft:deaths":12,"minecraft:walk_under_water_one_cm":40656,"minecraft:boat_one_cm":52696,"minecraft:jump":2850,"minecraft:walk_on_water_one_cm":78591,"minecraft:total_world_time":318807,"minecraft:interact_with_furnace":47,"minecraft:interact_with_stonecutter":1,"minecraft:sleep_in_bed":15,"minecraft:time_since_rest":19206,"minecraft:damage_taken":10213,"minecraft:trigger_trapped_chest":1,"minecraft:damage_dealt":65270,"minecraft:swim_one_cm":53988,"minecraft:fly_one_cm":565764,"minecraft:open_chest":88,"minecraft:crouch_one_cm":11476,"minecraft:fall_one_cm":94456},"minecraft:mined":{"minecraft:spruce_planks":1,"minecraft:mossy_cobblestone":1,"minecraft:jungle_leaves":1,"biomesoplenty:bush":1,"minecraft:acacia_log":40,"minecraft:grass_block":382,"minecraft:white_stained_glass":3,"minecraft:spawner":38,"minecraft:hay_block":8,"minecraft:furnace":6,"minecraft:iron_ore":4,"minecraft:anvil":2,"minecraft:enchanting_table":2,"biomesoplenty:sea_oats":3,"minecraft:bookshelf":23,"biomesoplenty:high_grass":35,"biomesoplenty:redwood_log":2,"minecraft:iron_bars":4,"minecraft:stone":58,"minecraft:spruce_slab":1,"minecraft:acacia_leaves":4,"minecraft:quartz_block":1,"minecraft:stone_brick_slab":1,"minecraft:blue_stained_glass":39,"minecraft:crafting_table":3,"minecraft:torch":11,"minecraft:light_gray_terracotta":62,"minecraft:poppy":1,"minecraft:gray_stained_glass":5,"minecraft:white_stained_glass_pane":2,"biomesoplenty:high_grass_plant":48,"minecraft:copper_ore":15,"minecraft:tall_grass":14,"minecraft:cobblestone":2,"biomesoplenty:huge_clover_petal":1,"minecraft:sugar_cane":9,"minecraft:oak_planks":12,"minecraft:diorite":1,"minecraft:iron_door":2,"minecraft:wall_torch":1,"farmersdelight:wild_beetroots":4,"minecraft:stripped_spruce_wood":2,"minecraft:cobblestone_wall":7,"minecraft:gray_bed":2,"minecraft:smooth_stone_slab":4,"minecraft:grass":97,"biomesoplenty:clover":1,"minecraft:oak_log":98,"minecraft:coal_ore":92,"minecraft:dirt":15,"minecraft:sand":17,"minecraft:cobweb":13,"minecraft:cracked_stone_bricks":1,"minecraft:stone_bricks":33,"minecraft:netherrack":1,"minecraft:oak_leaves":20,"minecraft:fern":2},"minecraft:killed_by":{"minecraft:zombie":7},"minecraft:used":{"minecraft:enchanting_table":1,"minecraft:iron_shovel":388,"minecraft:ladder":24,"minecraft:chest":2,"minecraft:spruce_planks":2,"minecraft:iron_sword":166,"minecraft:cooked_chicken":1,"minecraft:rotten_flesh":83,"minecraft:torch":367,"minecraft:dirt":46,"minecraft:anvil":2,"minecraft:cobblestone_wall":1,"minecraft:carrot":1,"wom:agony":27,"minecraft:wooden_axe":55,"minecraft:iron_axe":187,"minecraft:stone_bricks":29,"minecraft:furnace":7,"minecraft:cooked_cod":1,"minecraft:gray_bed":2,"comforts:sleeping_bag_white":11,"minecraft:cooked_beef":20,"minecraft:water_bucket":9,"epicfight:skillbook":15,"minecraft:baked_potato":14,"minecraft:stone_pickaxe":146,"minecraft:oak_planks":12,"minecraft:wooden_pickaxe":3,"minecraft:sugar_cane":22,"minecraft:stonecutter":1,"minecraft:sand":6,"farmersdelight:onion":13,"minecraft:crafting_table":7,"minecraft:light_gray_terracotta":70,"ojs_rpg_origins:balmung":811,"alexsmobs:flying_fish":3,"minecraft:bread":22,"minecraft:iron_pickaxe":267,"minecraft:cobblestone":24,"minecraft:cooked_porkchop":7,"minecraft:bucket":10,"minecraft:smooth_stone_slab":1,"minecraft:oak_boat":1,"alexsmobs:emu_egg":1},"minecraft:picked_up":{"minecraft:wooden_axe":1,"biomesoplenty:redwood_log":2,"minecraft:fishing_rod":1,"minecraft:crafting_table":4,"minecraft:chicken":1,"minecraft:anvil":2,"minecraft:wooden_pickaxe":1,"originsoverhaulmod:zombie_soul":396,"seadwellers:aquamarine":1,"minecraft:string":29,"minecraft:raw_copper":53,"minecraft:smooth_stone_slab":20,"alexsmobs:emu_feather":2,"comforts:sleeping_bag_white":12,"minecraft:spruce_planks":1,"minecraft:beef":24,"minecraft:oak_boat":1,"minecraft:poppy":6,"minecraft:spruce_slab":1,"minecraft:sugar_cane":22,"minecraft:furnace":7,"minecraft:stick":31,"minecraft:raw_iron":4,"shifu_epic_fight_skill_recipe:sword_scroll":2,"minecraft:torch":13,"minecraft:acacia_log":39,"sophisticatedbackpacks:backpack":4,"epicfight:skillbook":9,"minecraft:porkchop":10,"wom:eternal_fire_arcane":2,"minecraft:diorite":1,"minecraft:carrot":1,"minecraft:quartz_block":9,"minecraft:arrow":1,"minecraft:rotten_flesh":446,"minecraft:beetroot_seeds":4,"minecraft:hay_block":8,"alexsmobs:emu_egg":1,"biomesoplenty:redwood_sapling":1,"minecraft:blaze_rod":20,"minecraft:iron_bars":4,"alexsmobs:flying_fish":3,"minecraft:cobblestone":62,"minecraft:enchanting_table":2,"minecraft:feather":3,"minecraft:cooked_beef":4,"minecraft:iron_door":6,"minecraft:leather":12,"alexsmobs:acacia_blossom":1,"minecraft:potato":5,"ojs_rpg_origins:balmung":1,"minecraft:oak_log":95,"minecraft:stripped_spruce_wood":2,"minecraft:cobblestone_wall":7,"minecraft:dirt":405,"minecraft:white_banner":1,"minecraft:leather_boots":2,"minecraft:stone_bricks":44,"minecraft:apple":6,"minecraft:wheat_seeds":40,"minecraft:iron_ingot":5,"minecraft:cooked_chicken":1,"minecraft:mossy_stone_bricks":1,"minecraft:gray_bed":2,"minecraft:acacia_sapling":13,"minecraft:oak_planks":12,"minecraft:book":72,"epicfight:stone_greatsword":1,"minecraft:cooked_porkchop":2,"minecraft:stone_brick_slab":1,"minecraft:dandelion":3,"minecraft:sand":17,"minecraft:mossy_cobblestone":1,"minecraft:light_gray_terracotta":97,"shifu_epic_fight_skill_recipe:eye_scroll":1,"minecraft:emerald":53,"alexsmobs:maggot":4,"minecraft:oak_sapling":40,"minecraft:coal":112},"minecraft:broken":{"minecraft:iron_shovel":1,"minecraft:stone_pickaxe":1,"minecraft:iron_pickaxe":1,"minecraft:wooden_axe":1},"minecraft:dropped":{"minecraft:wheat_seeds":8,"minecraft:mossy_cobblestone":1,"minecraft:golden_apple":1,"minecraft:stick":1,"irons_spellbooks:scroll":3,"minecraft:dirt":5,"minecraft:wooden_axe":2,"minecraft:iron_door":5,"irons_spellbooks:arcane_essence":1,"minecraft:string":28,"minecraft:stone_brick_slab":1,"minecraft:furnace":1,"alexsmobs:maggot":2,"minecraft:cobblestone_wall":2,"biomesoplenty:redwood_sapling":1,"minecraft:smooth_stone_slab":19,"minecraft:rotten_flesh":213,"biomesoplenty:redwood_planks":2,"sophisticatedbackpacks:backpack":3,"wom:eternal_fire_arcane":1,"minecraft:poppy":1,"originsoverhaulmod:zombie_soul":281,"minecraft:beetroot_seeds":2,"minecraft:quartz_block":5,"minecraft:leather_boots":1,"minecraft:oak_sapling":35,"minecraft:acacia_sapling":1,"minecraft:stone_bricks":4,"comforts:sleeping_bag_white":1,"minecraft:spruce_slab":1,"minecraft:arrow":8,"minecraft:wooden_pickaxe":3,"minecraft:enchanting_table":1,"epicfight:skillbook":3},"minecraft:crafted":{"minecraft:oak_planks":184,"comforts:sleeping_bag_white":1,"minecraft:furnace":2,"minecraft:stone":6,"sophisticatedbackpacks:crafting_upgrade":1,"sophisticatedbackpacks:smelting_upgrade":1,"sophisticatedbackpacks:copper_backpack":1,"minecraft:iron_axe":1,"minecraft:stone_pickaxe":1,"minecraft:chest":4,"sophisticatedbackpacks:iron_backpack":1,"minecraft:cooked_beef":14,"minecraft:cooked_cod":1,"sophisticatedbackpacks:backpack":1,"minecraft:cooked_porkchop":9,"minecraft:crafting_table":3,"minecraft:spruce_planks":8,"biomesoplenty:redwood_planks":8,"minecraft:wooden_pickaxe":2,"minecraft:baked_potato":14,"minecraft:iron_sword":1,"minecraft:copper_ingot":28,"sophisticatedbackpacks:gold_backpack":1,"sophisticatedbackpacks:upgrade_base":2,"minecraft:air":0,"minecraft:oak_boat":1,"minecraft:white_wool":3,"minecraft:charcoal":8,"minecraft:stick":120,"minecraft:iron_ingot":2,"minecraft:iron_pickaxe":2,"minecraft:wooden_axe":2,"minecraft:iron_shovel":2,"minecraft:stonecutter":1,"minecraft:torch":276}},"DataVersion":3465}