{"stats":{"minecraft:killed":{"minecraft:vindicator":1,"alexsmobs:seagull":2,"minecraft:horse":2,"alexsmobs:banana_slug":1,"minecraft:chicken":1,"minecraft:drowned":2,"alexsmobs:flying_fish":1,"minecraft:pig":5,"bwrtherain:spider_skull":4,"alexsmobs:emu":1,"minecraft:pillager":3,"minecraft:zombie":363,"alexsmobs:fly":3,"shifu_epic_fight_skill_recipe:martialbanditnatural":22,"minecraft:blaze":33,"minecraft:cow":12},"minecraft:custom":{"minecraft:mob_kills":462,"minecraft:interact_with_crafting_table":37,"minecraft:open_barrel":5,"minecraft:damage_dealt_resisted":703,"minecraft:leave_game":2,"minecraft:time_since_death":732,"minecraft:climb_one_cm":34613,"minecraft:damage_resisted":0,"minecraft:sprint_one_cm":508760,"minecraft:walk_one_cm":2012516,"minecraft:drop":174,"minecraft:damage_dealt_absorbed":320,"minecraft:play_time":288807,"minecraft:sneak_time":545,"minecraft:deaths":11,"minecraft:walk_under_water_one_cm":40610,"minecraft:boat_one_cm":52696,"minecraft:jump":2657,"minecraft:walk_on_water_one_cm":77073,"minecraft:total_world_time":288807,"minecraft:interact_with_furnace":42,"minecraft:sleep_in_bed":15,"minecraft:time_since_rest":762,"minecraft:damage_taken":9644,"minecraft:trigger_trapped_chest":1,"minecraft:damage_dealt":62353,"minecraft:swim_one_cm":53988,"minecraft:fly_one_cm":546061,"minecraft:open_chest":81,"minecraft:crouch_one_cm":1982,"minecraft:fall_one_cm":87273},"minecraft:mined":{"minecraft:spruce_planks":1,"minecraft:mossy_cobblestone":1,"minecraft:jungle_leaves":1,"biomesoplenty:bush":1,"minecraft:acacia_log":40,"minecraft:grass_block":262,"minecraft:white_stained_glass":3,"minecraft:spawner":38,"minecraft:hay_block":8,"minecraft:furnace":6,"minecraft:iron_ore":2,"minecraft:anvil":2,"minecraft:enchanting_table":2,"biomesoplenty:sea_oats":3,"minecraft:bookshelf":23,"biomesoplenty:high_grass":35,"biomesoplenty:redwood_log":2,"minecraft:iron_bars":4,"minecraft:stone":51,"minecraft:spruce_slab":1,"minecraft:acacia_leaves":4,"minecraft:quartz_block":1,"minecraft:stone_brick_slab":1,"minecraft:blue_stained_glass":39,"minecraft:crafting_table":3,"minecraft:torch":11,"minecraft:light_gray_terracotta":60,"minecraft:poppy":1,"minecraft:gray_stained_glass":5,"minecraft:white_stained_glass_pane":2,"biomesoplenty:high_grass_plant":48,"minecraft:copper_ore":15,"minecraft:tall_grass":14,"minecraft:cobblestone":2,"biomesoplenty:huge_clover_petal":1,"minecraft:sugar_cane":6,"minecraft:oak_planks":12,"minecraft:iron_door":2,"minecraft:wall_torch":1,"farmersdelight:wild_beetroots":2,"minecraft:stripped_spruce_wood":2,"minecraft:cobblestone_wall":7,"minecraft:gray_bed":2,"minecraft:smooth_stone_slab":4,"minecraft:grass":92,"biomesoplenty:clover":1,"minecraft:oak_log":98,"minecraft:coal_ore":74,"minecraft:dirt":3,"minecraft:sand":17,"minecraft:cobweb":13,"minecraft:cracked_stone_bricks":1,"minecraft:stone_bricks":33,"minecraft:netherrack":1,"minecraft:oak_leaves":20,"minecraft:fern":2},"minecraft:killed_by":{"minecraft:zombie":6},"minecraft:used":{"minecraft:iron_shovel":261,"minecraft:spruce_planks":2,"minecraft:iron_sword":166,"minecraft:cooked_chicken":1,"minecraft:rotten_flesh":76,"minecraft:torch":230,"minecraft:dirt":5,"minecraft:cobblestone_wall":1,"minecraft:carrot":1,"wom:agony":27,"minecraft:wooden_axe":55,"minecraft:iron_axe":187,"minecraft:stone_bricks":29,"minecraft:furnace":4,"minecraft:cooked_cod":1,"minecraft:gray_bed":2,"comforts:sleeping_bag_white":11,"minecraft:cooked_beef":18,"minecraft:water_bucket":5,"epicfight:skillbook":12,"minecraft:baked_potato":14,"minecraft:stone_pickaxe":146,"minecraft:oak_planks":12,"minecraft:wooden_pickaxe":3,"minecraft:sand":6,"farmersdelight:onion":13,"minecraft:crafting_table":6,"ojs_rpg_origins:balmung":766,"alexsmobs:flying_fish":3,"minecraft:bread":22,"minecraft:iron_pickaxe":237,"minecraft:cobblestone":24,"minecraft:cooked_porkchop":7,"minecraft:bucket":6,"minecraft:smooth_stone_slab":1,"minecraft:oak_boat":1,"alexsmobs:emu_egg":1},"minecraft:picked_up":{"minecraft:wooden_axe":1,"biomesoplenty:redwood_log":2,"minecraft:fishing_rod":1,"minecraft:crafting_table":4,"minecraft:chicken":1,"minecraft:anvil":2,"minecraft:wooden_pickaxe":1,"originsoverhaulmod:zombie_soul":376,"seadwellers:aquamarine":1,"minecraft:string":29,"minecraft:raw_copper":53,"minecraft:smooth_stone_slab":20,"alexsmobs:emu_feather":2,"comforts:sleeping_bag_white":12,"minecraft:spruce_planks":1,"minecraft:beef":24,"minecraft:oak_boat":1,"minecraft:poppy":6,"minecraft:spruce_slab":1,"minecraft:sugar_cane":15,"minecraft:furnace":7,"minecraft:stick":31,"minecraft:raw_iron":2,"shifu_epic_fight_skill_recipe:sword_scroll":1,"minecraft:torch":11,"minecraft:acacia_log":39,"sophisticatedbackpacks:backpack":3,"epicfight:skillbook":7,"minecraft:porkchop":10,"wom:eternal_fire_arcane":2,"minecraft:carrot":1,"minecraft:quartz_block":9,"minecraft:arrow":1,"minecraft:rotten_flesh":427,"minecraft:beetroot_seeds":2,"minecraft:hay_block":8,"alexsmobs:emu_egg":1,"biomesoplenty:redwood_sapling":1,"minecraft:blaze_rod":20,"minecraft:iron_bars":4,"alexsmobs:flying_fish":3,"minecraft:cobblestone":55,"minecraft:enchanting_table":2,"minecraft:feather":3,"minecraft:cooked_beef":4,"minecraft:iron_door":6,"minecraft:leather":12,"alexsmobs:acacia_blossom":1,"minecraft:potato":5,"ojs_rpg_origins:balmung":1,"minecraft:oak_log":95,"minecraft:stripped_spruce_wood":2,"minecraft:cobblestone_wall":7,"minecraft:dirt":283,"minecraft:white_banner":1,"minecraft:leather_boots":2,"minecraft:stone_bricks":44,"minecraft:apple":6,"minecraft:wheat_seeds":33,"minecraft:iron_ingot":5,"minecraft:cooked_chicken":1,"minecraft:mossy_stone_bricks":1,"minecraft:gray_bed":2,"minecraft:acacia_sapling":13,"minecraft:oak_planks":12,"minecraft:book":72,"minecraft:cooked_porkchop":2,"minecraft:stone_brick_slab":1,"minecraft:dandelion":3,"minecraft:sand":17,"minecraft:mossy_cobblestone":1,"minecraft:light_gray_terracotta":95,"shifu_epic_fight_skill_recipe:eye_scroll":1,"minecraft:emerald":41,"alexsmobs:maggot":4,"minecraft:oak_sapling":40,"minecraft:coal":94},"minecraft:broken":{"minecraft:iron_shovel":1,"minecraft:stone_pickaxe":1,"minecraft:wooden_axe":1},"minecraft:dropped":{"minecraft:wheat_seeds":8,"minecraft:mossy_cobblestone":1,"minecraft:golden_apple":1,"minecraft:stick":1,"irons_spellbooks:scroll":3,"minecraft:dirt":5,"minecraft:wooden_axe":2,"minecraft:iron_door":5,"irons_spellbooks:arcane_essence":1,"minecraft:string":28,"minecraft:stone_brick_slab":1,"minecraft:furnace":1,"alexsmobs:maggot":2,"minecraft:cobblestone_wall":2,"biomesoplenty:redwood_sapling":1,"minecraft:smooth_stone_slab":19,"minecraft:rotten_flesh":213,"biomesoplenty:redwood_planks":2,"sophisticatedbackpacks:backpack":2,"wom:eternal_fire_arcane":1,"minecraft:poppy":1,"originsoverhaulmod:zombie_soul":239,"minecraft:quartz_block":5,"minecraft:leather_boots":1,"minecraft:oak_sapling":35,"minecraft:acacia_sapling":1,"minecraft:stone_bricks":4,"comforts:sleeping_bag_white":1,"minecraft:spruce_slab":1,"minecraft:arrow":8,"minecraft:wooden_pickaxe":3,"minecraft:enchanting_table":1,"epicfight:skillbook":2},"minecraft:crafted":{"minecraft:oak_planks":184,"comforts:sleeping_bag_white":1,"sophisticatedbackpacks:crafting_upgrade":1,"sophisticatedbackpacks:smelting_upgrade":1,"sophisticatedbackpacks:copper_backpack":1,"minecraft:iron_axe":1,"minecraft:stone_pickaxe":1,"minecraft:chest":2,"sophisticatedbackpacks:iron_backpack":1,"minecraft:cooked_beef":14,"minecraft:cooked_cod":1,"sophisticatedbackpacks:backpack":1,"minecraft:cooked_porkchop":9,"minecraft:crafting_table":3,"minecraft:spruce_planks":8,"biomesoplenty:redwood_planks":8,"minecraft:wooden_pickaxe":2,"minecraft:baked_potato":14,"minecraft:iron_sword":1,"minecraft:copper_ingot":28,"sophisticatedbackpacks:gold_backpack":1,"sophisticatedbackpacks:upgrade_base":2,"minecraft:air":0,"minecraft:oak_boat":1,"minecraft:white_wool":3,"minecraft:charcoal":8,"minecraft:stick":120,"minecraft:iron_ingot":2,"minecraft:iron_pickaxe":1,"minecraft:wooden_axe":2,"minecraft:iron_shovel":1,"minecraft:torch":276}},"DataVersion":3465}