{"stats":{"minecraft:used":{"minecraft:spruce_planks":2,"minecraft:iron_sword":159,"minecraft:cooked_chicken":1,"minecraft:rotten_flesh":56,"minecraft:torch":78,"minecraft:cobblestone_wall":1,"wom:agony":27,"minecraft:wooden_axe":55,"minecraft:iron_axe":126,"minecraft:stone_bricks":29,"minecraft:furnace":4,"minecraft:cooked_cod":1,"comforts:sleeping_bag_white":11,"minecraft:cooked_beef":13,"epicfight:skillbook":9,"minecraft:stone_pickaxe":146,"minecraft:oak_planks":12,"minecraft:wooden_pickaxe":3,"farmersdelight:onion":13,"minecraft:sand":6,"minecraft:crafting_table":5,"ojs_rpg_origins:balmung":568,"alexsmobs:flying_fish":3,"minecraft:bread":22,"minecraft:iron_pickaxe":215,"minecraft:cobblestone":16,"minecraft:smooth_stone_slab":1,"minecraft:oak_boat":1},"minecraft:broken":{"minecraft:stone_pickaxe":1,"minecraft:wooden_axe":1},"minecraft:dropped":{"minecraft:mossy_cobblestone":1,"minecraft:stick":1,"minecraft:dirt":5,"minecraft:wooden_axe":2,"minecraft:iron_door":5,"minecraft:string":5,"minecraft:stone_brick_slab":1,"alexsmobs:maggot":2,"minecraft:cobblestone_wall":2,"biomesoplenty:redwood_sapling":1,"minecraft:smooth_stone_slab":8,"minecraft:rotten_flesh":28,"originsoverhaulmod:zombie_soul":107,"minecraft:oak_sapling":35,"minecraft:stone_bricks":4,"minecraft:spruce_slab":1,"minecraft:wooden_pickaxe":3},"minecraft:custom":{"minecraft:mob_kills":353,"minecraft:interact_with_crafting_table":31,"minecraft:open_barrel":4,"minecraft:damage_dealt_resisted":703,"minecraft:leave_game":1,"minecraft:time_since_death":2739,"minecraft:climb_one_cm":34056,"minecraft:damage_resisted":0,"minecraft:sprint_one_cm":408437,"minecraft:walk_one_cm":1179387,"minecraft:drop":58,"minecraft:damage_dealt_absorbed":320,"minecraft:play_time":195785,"minecraft:deaths":4,"minecraft:sneak_time":397,"minecraft:walk_under_water_one_cm":16241,"minecraft:boat_one_cm":52696,"minecraft:jump":1783,"minecraft:walk_on_water_one_cm":14006,"minecraft:total_world_time":195785,"minecraft:interact_with_furnace":25,"minecraft:sleep_in_bed":11,"minecraft:time_since_rest":2775,"minecraft:damage_taken":5098,"minecraft:damage_dealt":47733,"minecraft:swim_one_cm":32125,"minecraft:fly_one_cm":343695,"minecraft:open_chest":75,"minecraft:crouch_one_cm":633,"minecraft:fall_one_cm":57357},"minecraft:picked_up":{"minecraft:wooden_axe":1,"biomesoplenty:redwood_log":2,"minecraft:fishing_rod":1,"minecraft:crafting_table":4,"minecraft:chicken":1,"minecraft:anvil":2,"minecraft:wooden_pickaxe":1,"originsoverhaulmod:zombie_soul":278,"seadwellers:aquamarine":1,"minecraft:string":13,"minecraft:raw_copper":53,"minecraft:smooth_stone_slab":20,"minecraft:spruce_planks":1,"comforts:sleeping_bag_white":11,"minecraft:beef":12,"minecraft:oak_boat":1,"minecraft:spruce_slab":1,"minecraft:sugar_cane":15,"minecraft:furnace":6,"minecraft:stick":23,"minecraft:raw_iron":2,"minecraft:torch":10,"sophisticatedbackpacks:backpack":3,"epicfight:skillbook":3,"minecraft:porkchop":10,"minecraft:quartz_block":5,"minecraft:rotten_flesh":292,"minecraft:beetroot_seeds":2,"minecraft:hay_block":8,"biomesoplenty:redwood_sapling":1,"minecraft:blaze_rod":11,"minecraft:iron_bars":4,"minecraft:cobblestone":52,"alexsmobs:flying_fish":3,"minecraft:enchanting_table":2,"minecraft:feather":2,"minecraft:cooked_beef":4,"minecraft:iron_door":6,"minecraft:leather":8,"minecraft:potato":4,"ojs_rpg_origins:balmung":1,"minecraft:oak_log":86,"minecraft:stripped_spruce_wood":2,"minecraft:cobblestone_wall":7,"minecraft:dirt":6,"minecraft:leather_boots":2,"minecraft:stone_bricks":44,"minecraft:apple":4,"minecraft:wheat_seeds":4,"minecraft:cooked_chicken":1,"minecraft:iron_ingot":5,"minecraft:mossy_stone_bricks":1,"minecraft:gray_bed":1,"minecraft:oak_planks":12,"minecraft:book":72,"minecraft:cooked_porkchop":2,"minecraft:stone_brick_slab":1,"minecraft:sand":17,"minecraft:mossy_cobblestone":1,"minecraft:light_gray_terracotta":84,"minecraft:emerald":17,"alexsmobs:maggot":2,"minecraft:oak_sapling":36,"minecraft:coal":92},"minecraft:killed":{"minecraft:vindicator":1,"alexsmobs:seagull":1,"minecraft:horse":2,"alexsmobs:banana_slug":1,"minecraft:chicken":1,"minecraft:drowned":2,"alexsmobs:flying_fish":1,"minecraft:pig":5,"minecraft:pillager":1,"minecraft:zombie":303,"alexsmobs:fly":1,"shifu_epic_fight_skill_recipe:martialbanditnatural":6,"minecraft:blaze":18,"minecraft:cow":7},"minecraft:mined":{"minecraft:spruce_planks":1,"minecraft:mossy_cobblestone":1,"minecraft:jungle_leaves":1,"biomesoplenty:bush":1,"minecraft:grass_block":2,"minecraft:white_stained_glass":3,"minecraft:spawner":31,"minecraft:hay_block":8,"minecraft:furnace":6,"minecraft:iron_ore":2,"minecraft:anvil":2,"minecraft:enchanting_table":2,"biomesoplenty:sea_oats":3,"minecraft:bookshelf":23,"biomesoplenty:high_grass":35,"biomesoplenty:redwood_log":2,"minecraft:iron_bars":4,"minecraft:stone":51,"minecraft:spruce_slab":1,"minecraft:stone_brick_slab":1,"minecraft:blue_stained_glass":39,"minecraft:crafting_table":3,"minecraft:torch":8,"minecraft:light_gray_terracotta":49,"minecraft:gray_stained_glass":5,"minecraft:white_stained_glass_pane":2,"biomesoplenty:high_grass_plant":48,"minecraft:tall_grass":2,"minecraft:copper_ore":15,"minecraft:cobblestone":2,"biomesoplenty:huge_clover_petal":1,"minecraft:sugar_cane":6,"minecraft:oak_planks":12,"minecraft:iron_door":2,"minecraft:wall_torch":1,"farmersdelight:wild_beetroots":2,"minecraft:stripped_spruce_wood":2,"minecraft:cobblestone_wall":7,"minecraft:gray_bed":1,"minecraft:smooth_stone_slab":4,"minecraft:grass":20,"biomesoplenty:clover":1,"minecraft:oak_log":89,"minecraft:coal_ore":72,"minecraft:sand":17,"minecraft:cobweb":13,"minecraft:cracked_stone_bricks":1,"minecraft:stone_bricks":33,"minecraft:netherrack":1,"minecraft:oak_leaves":20,"minecraft:fern":2},"minecraft:crafted":{"minecraft:oak_planks":184,"comforts:sleeping_bag_white":1,"sophisticatedbackpacks:copper_backpack":1,"minecraft:iron_axe":1,"minecraft:stone_pickaxe":1,"minecraft:chest":1,"sophisticatedbackpacks:iron_backpack":1,"minecraft:cooked_beef":14,"minecraft:cooked_cod":1,"sophisticatedbackpacks:backpack":1,"minecraft:crafting_table":2,"minecraft:spruce_planks":8,"biomesoplenty:redwood_planks":8,"minecraft:wooden_pickaxe":2,"minecraft:iron_sword":1,"minecraft:copper_ingot":11,"sophisticatedbackpacks:gold_backpack":1,"sophisticatedbackpacks:upgrade_base":1,"minecraft:air":0,"minecraft:oak_boat":1,"minecraft:white_wool":3,"minecraft:charcoal":8,"minecraft:stick":120,"minecraft:iron_ingot":2,"minecraft:iron_pickaxe":1,"minecraft:wooden_axe":2,"minecraft:torch":132},"minecraft:killed_by":{"minecraft:zombie":3}},"DataVersion":3465}