{"stats":{"minecraft:used":{"minecraft:spruce_planks":2,"minecraft:iron_sword":166,"minecraft:cooked_chicken":1,"minecraft:rotten_flesh":76,"minecraft:torch":102,"minecraft:cobblestone_wall":1,"minecraft:carrot":1,"wom:agony":27,"minecraft:wooden_axe":55,"minecraft:iron_axe":126,"minecraft:stone_bricks":29,"minecraft:furnace":4,"minecraft:cooked_cod":1,"minecraft:gray_bed":1,"comforts:sleeping_bag_white":11,"minecraft:cooked_beef":18,"epicfight:skillbook":11,"minecraft:baked_potato":14,"minecraft:stone_pickaxe":146,"minecraft:oak_planks":12,"minecraft:wooden_pickaxe":3,"farmersdelight:onion":13,"minecraft:sand":6,"minecraft:crafting_table":6,"ojs_rpg_origins:balmung":683,"alexsmobs:flying_fish":3,"minecraft:bread":22,"minecraft:iron_pickaxe":237,"minecraft:cobblestone":24,"minecraft:cooked_porkchop":4,"minecraft:smooth_stone_slab":1,"minecraft:oak_boat":1},"minecraft:broken":{"minecraft:stone_pickaxe":1,"minecraft:wooden_axe":1},"minecraft:dropped":{"minecraft:mossy_cobblestone":1,"minecraft:golden_apple":1,"minecraft:stick":1,"irons_spellbooks:scroll":3,"minecraft:dirt":5,"minecraft:wooden_axe":2,"minecraft:iron_door":5,"irons_spellbooks:arcane_essence":1,"minecraft:string":28,"minecraft:stone_brick_slab":1,"minecraft:furnace":1,"alexsmobs:maggot":2,"minecraft:cobblestone_wall":2,"biomesoplenty:redwood_sapling":1,"minecraft:smooth_stone_slab":19,"minecraft:rotten_flesh":73,"biomesoplenty:redwood_planks":2,"sophisticatedbackpacks:backpack":2,"wom:eternal_fire_arcane":1,"originsoverhaulmod:zombie_soul":231,"minecraft:quartz_block":5,"minecraft:leather_boots":1,"minecraft:acacia_sapling":1,"minecraft:oak_sapling":35,"minecraft:stone_bricks":4,"comforts:sleeping_bag_white":1,"minecraft:spruce_slab":1,"minecraft:arrow":8,"minecraft:wooden_pickaxe":3,"minecraft:enchanting_table":1,"epicfight:skillbook":2},"minecraft:custom":{"minecraft:mob_kills":413,"minecraft:interact_with_crafting_table":37,"minecraft:open_barrel":5,"minecraft:damage_dealt_resisted":703,"minecraft:leave_game":1,"minecraft:time_since_death":55987,"minecraft:climb_one_cm":34613,"minecraft:damage_resisted":0,"minecraft:sprint_one_cm":459862,"minecraft:walk_one_cm":1594624,"minecraft:drop":91,"minecraft:damage_dealt_absorbed":320,"minecraft:play_time":255785,"minecraft:deaths":5,"minecraft:sneak_time":514,"minecraft:walk_under_water_one_cm":28923,"minecraft:boat_one_cm":52696,"minecraft:jump":2215,"minecraft:walk_on_water_one_cm":64505,"minecraft:total_world_time":255785,"minecraft:interact_with_furnace":42,"minecraft:sleep_in_bed":14,"minecraft:time_since_rest":29756,"minecraft:damage_taken":7529,"minecraft:trigger_trapped_chest":1,"minecraft:damage_dealt":56923,"minecraft:swim_one_cm":43683,"minecraft:fly_one_cm":432764,"minecraft:open_chest":80,"minecraft:crouch_one_cm":1910,"minecraft:fall_one_cm":72657},"minecraft:picked_up":{"minecraft:wooden_axe":1,"biomesoplenty:redwood_log":2,"minecraft:fishing_rod":1,"minecraft:crafting_table":4,"minecraft:chicken":1,"minecraft:anvil":2,"minecraft:wooden_pickaxe":1,"originsoverhaulmod:zombie_soul":342,"seadwellers:aquamarine":1,"minecraft:string":29,"minecraft:raw_copper":53,"minecraft:smooth_stone_slab":20,"minecraft:spruce_planks":1,"comforts:sleeping_bag_white":12,"minecraft:beef":15,"minecraft:oak_boat":1,"minecraft:spruce_slab":1,"minecraft:sugar_cane":15,"minecraft:furnace":7,"minecraft:stick":23,"minecraft:raw_iron":2,"shifu_epic_fight_skill_recipe:sword_scroll":1,"minecraft:torch":11,"sophisticatedbackpacks:backpack":3,"epicfight:skillbook":6,"minecraft:porkchop":10,"wom:eternal_fire_arcane":2,"minecraft:carrot":1,"minecraft:quartz_block":9,"minecraft:arrow":1,"minecraft:rotten_flesh":325,"minecraft:beetroot_seeds":2,"minecraft:hay_block":8,"biomesoplenty:redwood_sapling":1,"minecraft:blaze_rod":20,"minecraft:iron_bars":4,"minecraft:cobblestone":55,"alexsmobs:flying_fish":3,"minecraft:enchanting_table":2,"minecraft:feather":2,"minecraft:cooked_beef":4,"minecraft:iron_door":6,"minecraft:leather":11,"minecraft:potato":5,"ojs_rpg_origins:balmung":1,"minecraft:oak_log":86,"minecraft:stripped_spruce_wood":2,"minecraft:cobblestone_wall":7,"minecraft:dirt":6,"minecraft:leather_boots":2,"minecraft:stone_bricks":44,"minecraft:apple":4,"minecraft:wheat_seeds":4,"minecraft:cooked_chicken":1,"minecraft:iron_ingot":5,"minecraft:mossy_stone_bricks":1,"minecraft:gray_bed":2,"minecraft:acacia_sapling":1,"minecraft:oak_planks":12,"minecraft:book":72,"minecraft:cooked_porkchop":2,"minecraft:stone_brick_slab":1,"minecraft:sand":17,"minecraft:mossy_cobblestone":1,"minecraft:light_gray_terracotta":95,"minecraft:emerald":29,"alexsmobs:maggot":2,"minecraft:oak_sapling":36,"minecraft:coal":94},"minecraft:killed":{"minecraft:vindicator":1,"alexsmobs:seagull":1,"minecraft:horse":2,"alexsmobs:banana_slug":1,"minecraft:chicken":1,"minecraft:drowned":2,"alexsmobs:flying_fish":1,"minecraft:pig":5,"minecraft:pillager":1,"minecraft:zombie":336,"alexsmobs:fly":1,"shifu_epic_fight_skill_recipe:martialbanditnatural":15,"minecraft:blaze":33,"minecraft:cow":8},"minecraft:mined":{"minecraft:spruce_planks":1,"minecraft:mossy_cobblestone":1,"minecraft:jungle_leaves":1,"biomesoplenty:bush":1,"minecraft:grass_block":2,"minecraft:white_stained_glass":3,"minecraft:spawner":38,"minecraft:hay_block":8,"minecraft:furnace":6,"minecraft:iron_ore":2,"minecraft:anvil":2,"minecraft:enchanting_table":2,"biomesoplenty:sea_oats":3,"minecraft:bookshelf":23,"biomesoplenty:high_grass":35,"biomesoplenty:redwood_log":2,"minecraft:iron_bars":4,"minecraft:stone":51,"minecraft:spruce_slab":1,"minecraft:quartz_block":1,"minecraft:stone_brick_slab":1,"minecraft:blue_stained_glass":39,"minecraft:crafting_table":3,"minecraft:torch":11,"minecraft:light_gray_terracotta":60,"minecraft:gray_stained_glass":5,"minecraft:white_stained_glass_pane":2,"biomesoplenty:high_grass_plant":48,"minecraft:tall_grass":2,"minecraft:copper_ore":15,"minecraft:cobblestone":2,"biomesoplenty:huge_clover_petal":1,"minecraft:sugar_cane":6,"minecraft:oak_planks":12,"minecraft:iron_door":2,"minecraft:wall_torch":1,"farmersdelight:wild_beetroots":2,"minecraft:stripped_spruce_wood":2,"minecraft:cobblestone_wall":7,"minecraft:gray_bed":2,"minecraft:smooth_stone_slab":4,"minecraft:grass":20,"biomesoplenty:clover":1,"minecraft:oak_log":89,"minecraft:coal_ore":74,"minecraft:sand":17,"minecraft:cobweb":13,"minecraft:cracked_stone_bricks":1,"minecraft:stone_bricks":33,"minecraft:netherrack":1,"minecraft:oak_leaves":20,"minecraft:fern":2},"minecraft:crafted":{"minecraft:oak_planks":184,"comforts:sleeping_bag_white":1,"sophisticatedbackpacks:crafting_upgrade":1,"sophisticatedbackpacks:smelting_upgrade":1,"sophisticatedbackpacks:copper_backpack":1,"minecraft:iron_axe":1,"minecraft:stone_pickaxe":1,"minecraft:chest":2,"sophisticatedbackpacks:iron_backpack":1,"minecraft:cooked_beef":14,"minecraft:cooked_cod":1,"sophisticatedbackpacks:backpack":1,"minecraft:cooked_porkchop":9,"minecraft:crafting_table":3,"minecraft:spruce_planks":8,"biomesoplenty:redwood_planks":8,"minecraft:wooden_pickaxe":2,"minecraft:baked_potato":14,"minecraft:iron_sword":1,"minecraft:copper_ingot":28,"sophisticatedbackpacks:gold_backpack":1,"sophisticatedbackpacks:upgrade_base":2,"minecraft:air":0,"minecraft:oak_boat":1,"minecraft:white_wool":3,"minecraft:charcoal":8,"minecraft:stick":120,"minecraft:iron_ingot":2,"minecraft:iron_pickaxe":1,"minecraft:wooden_axe":2,"minecraft:torch":132},"minecraft:killed_by":{"minecraft:zombie":4}},"DataVersion":3465}